frequency_hz,mean_response_db,standard_deviation_db,variance_db2,response_1_db,response_2_db,response_3_db,response_4_db,response_5_db,response_6_db,response_7_db,response_8_db
100.00000000,-33.86912354,5.83101105,34.00068983,-29.31301054,-32.12641186,-38.36790542,-28.31566001,-36.70454777,-33.56038982,-44.74851045,-27.81655244
143.88777555,-33.86912354,5.83101105,34.00068983,-29.31301054,-32.12641186,-38.36790542,-28.31566001,-36.70454777,-33.56038982,-44.74851045,-27.81655244
187.77555110,-33.86912354,5.83101105,34.00068983,-29.31301054,-32.12641186,-38.36790542,-28.31566001,-36.70454777,-33.56038982,-44.74851045,-27.81655244
231.66332665,-33.86912354,5.83101105,34.00068983,-29.31301054,-32.12641186,-38.36790542,-28.31566001,-36.70454777,-33.56038982,-44.74851045,-27.81655244
275.55110220,-33.86912354,5.83101105,34.00068983,-29.31301054,-32.12641186,-38.36790542,-28.31566001,-36.70454777,-33.56038982,-44.74851045,-27.81655244
319.43887776,-33.86912354,5.83101105,34.00068983,-29.31301054,-32.12641186,-38.36790542,-28.31566001,-36.70454777,-33.56038982,-44.74851045,-27.81655244
363.32665331,-35.70157217,4.04261449,16.34273188,-30.79346531,-34.21157973,-39.62791533,-32.79156662,-37.51969050,-36.38522801,-42.44652241,-31.83660949
407.21442886,-38.40695894,2.58344371,6.67418141,-32.97917609,-37.29007560,-41.48816617,-39.39969645,-38.72314926,-40.55575683,-39.04791802,-37.77173308
451.10220441,-41.05085418,4.01933119,16.15502324,-35.11067993,-40.31341240,-43.29291564,-45.88243691,-39.90014168,-44.61499596,-35.71478538,-43.57746550
494.98997996,-39.91302055,3.38334324,11.44701148,-33.90845633,-39.94446631,-41.68433099,-44.65373074,-39.44945502,-41.82991931,-36.40816496,-41.42564071
538.87775551,-38.77518692,3.02271391,9.13679939,-32.70623274,-39.57552021,-40.07574634,-43.42502456,-38.99876836,-39.04484266,-37.10154454,-39.27381593
582.76553106,-38.86670546,2.72287048,7.41402363,-33.08946360,-40.01029313,-39.53629047,-42.81602923,-39.63395716,-38.14950773,-38.66922387,-39.02887846
626.65330661,-41.19509035,2.11884953,4.48952333,-36.35750634,-41.90747208,-40.94216669,-43.33462807,-42.24494947,-40.69265020,-41.82773435,-42.25361563
670.54108216,-43.52347525,1.87398487,3.51181930,-39.62554907,-43.80465102,-42.34804291,-43.85322691,-44.85594177,-43.23579267,-44.98624483,-45.47835281
714.42885772,-44.42627784,1.80836764,3.27019353,-40.33168149,-44.93710177,-44.44376437,-43.91592435,-45.59405816,-44.43877406,-46.02545930,-45.72345922
758.31663327,-44.69853441,2.14867566,4.61680711,-39.90466126,-45.73130735,-46.84460969,-43.77697310,-45.50378712,-45.04899189,-46.12729284,-44.65065201
802.20440882,-44.92066309,2.80695924,7.87902015,-39.45352661,-46.44612173,-49.07615835,-43.62783903,-45.37477471,-45.60655559,-46.17827817,-43.60205051
846.09218437,-43.62642313,2.36183093,5.57824533,-38.27293047,-44.75935248,-46.18648325,-43.17067446,-44.07383568,-44.57133173,-44.69110536,-43.28567161
889.97995992,-42.33218317,2.13439982,4.55566258,-37.09233433,-43.07258322,-43.29680814,-42.71350988,-42.77289665,-43.53610787,-43.20393255,-42.96929271
933.86773547,-41.32423757,2.11119437,4.45714167,-36.17901700,-41.82002508,-41.49809159,-42.32396433,-41.71627957,-42.55554714,-42.06949999,-42.43147587
977.75551102,-40.80237449,2.07274546,4.29627374,-35.71949679,-41.30468867,-41.55164999,-42.04922517,-41.07448250,-41.66779575,-41.53396457,-41.51769245
1021.64328657,-40.28051140,2.08203723,4.33487902,-35.25997658,-40.78935227,-41.60520839,-41.77448601,-40.43268544,-40.78004436,-40.99842914,-40.60390903
1065.53106212,-41.53698181,2.07590864,4.30939667,-36.53027155,-42.01215502,-42.94961226,-42.89784186,-41.70061613,-41.90145962,-42.38581327,-41.91808480
1109.41883768,-43.52216783,2.06240913,4.25353140,-38.50940056,-43.94720277,-44.82297161,-44.59410132,-43.75110443,-43.84618002,-44.56116066,-44.14522129
1153.30661323,-45.24178959,2.06203506,4.25198860,-40.22172990,-45.61878651,-46.43157197,-46.04245175,-45.54078212,-45.53493175,-46.45372767,-46.09033504
1197.19438878,-41.69438684,2.05974402,4.24254542,-36.64253222,-42.06500080,-42.78911909,-42.57393996,-42.15771619,-42.14697160,-42.73781695,-42.44199791
1241.08216433,-38.14698409,2.06488872,4.26376544,-33.06333455,-38.51121509,-39.14666621,-39.10542816,-38.77465026,-38.75901144,-39.02190624,-38.79366078
1284.96993988,-35.74018607,2.06566009,4.26695160,-30.64956507,-36.10573566,-36.68319266,-36.70953129,-36.46825332,-36.47279659,-36.49007272,-36.34234127
1328.85771543,-35.14262315,2.05088249,4.20611897,-30.08440584,-35.52170758,-36.08982425,-36.01502359,-35.86967617,-35.93417774,-35.83643063,-35.78973939
1372.74549098,-34.54506022,2.03735074,4.15079803,-29.51924661,-34.93767951,-35.49645583,-35.32051590,-35.27109902,-35.39555888,-35.18278854,-35.23713750
1416.63326653,-34.53029436,2.05782029,4.23462435,-29.45446282,-34.90727496,-35.48438332,-35.30138244,-35.23506304,-35.38805990,-35.19580532,-35.27592308
1460.52104208,-34.73622003,2.09135366,4.37376013,-29.57915943,-35.08651463,-35.69243388,-35.53799732,-35.41204815,-35.58168353,-35.46127011,-35.53865319
1504.40881764,-35.04703385,2.12722706,4.52509498,-29.80421582,-35.37147821,-36.00283952,-35.88056920,-35.69487740,-35.88162493,-35.83142228,-35.90924344
1548.29659319,-36.89183687,2.19004493,4.79629680,-31.49703395,-37.20265408,-37.81018806,-37.77276235,-37.52567707,-37.73646379,-37.73262733,-37.85728833
1592.18436874,-38.73663989,2.25371540,5.07923309,-33.18985209,-39.03382996,-39.61753660,-39.66495549,-39.35647673,-39.59130265,-39.63383237,-39.80533322
1636.07214429,-41.36953357,2.17293620,4.72165175,-36.01710533,-41.73175419,-42.25645588,-42.28368485,-41.92595922,-42.16721530,-42.18704790,-42.38704591
1679.95991984,-45.17151539,1.88430126,3.55059123,-40.52722921,-45.71545081,-46.12896354,-45.98018978,-45.59123609,-45.81280033,-45.70748429,-45.90876910
1723.84769539,-48.97349721,1.61067006,2.59425804,-45.03735309,-49.69914743,-50.00147121,-49.67669471,-49.25651296,-49.45838535,-49.22792067,-49.43049228
1767.73547094,-52.29449777,1.77445133,3.14867751,-47.91255919,-52.96877619,-53.04831111,-52.93414326,-52.92045210,-52.78672781,-52.72223130,-53.06278116
1811.62324649,-55.44767392,2.13675585,4.56572556,-50.21730837,-55.98925178,-55.80705831,-56.03839588,-56.58392447,-56.00437773,-56.20742612,-56.73364871
1855.51102204,-58.11290170,2.49847494,6.24237701,-52.09497624,-58.54400603,-58.14496769,-58.67576689,-59.69093091,-58.74892516,-59.16669064,-59.83695003
1899.39879760,-55.16672313,2.48213513,6.16099479,-49.06120895,-55.74296492,-55.64324218,-55.94399934,-56.39857900,-56.05279407,-56.07775684,-56.41323977
1943.28657315,-52.22054457,2.50608782,6.28047616,-46.02744166,-52.94192381,-53.14151667,-53.21223179,-53.10622710,-53.35666298,-52.98882303,-52.98952951
1987.17434870,-49.20009641,2.50926064,6.29638896,-43.02476462,-49.98129638,-50.37588122,-50.32424402,-49.90229838,-50.41279994,-49.90029706,-49.67918968
2031.06212425,-46.07652233,2.44140832,5.96047457,-40.06525748,-46.79907775,-47.24379759,-47.21933900,-46.82114837,-47.12495241,-46.81233736,-46.52626864
2074.94989980,-42.95294824,2.37532878,5.64218683,-37.10575035,-43.61685912,-44.11171396,-44.11443399,-43.73999835,-43.83710488,-43.72437767,-43.37334761
2118.83767535,-41.28155184,2.30560358,5.31580786,-35.60331516,-41.87684995,-42.44287555,-42.35735415,-42.07724407,-42.11158472,-42.03563155,-41.74755954
2162.72545090,-40.07546589,2.23541866,4.99709657,-34.56775867,-40.59895720,-41.24289389,-41.03214788,-40.86897575,-40.88666945,-40.79522498,-40.61109928
2206.61322645,-39.01610315,2.16231737,4.67561641,-33.68802921,-39.47424302,-40.17040465,-39.86524066,-39.78429079,-39.82012893,-39.70479016,-39.62169776
2250.50100200,-39.33838399,2.05335295,4.21625834,-34.27567105,-39.79196050,-40.29846898,-40.18898285,-39.86334914,-40.24495067,-40.02658931,-40.01709940
2294.38877756,-39.66066483,1.95172664,3.80923688,-34.86331288,-40.10967797,-40.42653331,-40.51272505,-39.94240749,-40.66977241,-40.34838846,-40.41250104
2338.27655311,-39.42371205,1.88916106,3.56892950,-34.78564908,-39.83255048,-40.16239310,-40.21215707,-39.66629272,-40.44460618,-40.12651651,-40.15953130
2382.16432866,-38.45941250,1.87678963,3.52233930,-33.84267977,-38.78175957,-39.38814638,-39.09960286,-38.92823498,-39.37405683,-39.19753860,-39.06328099
2426.05210421,-37.49511294,1.87557915,3.51779716,-32.89971047,-37.73096867,-38.61389965,-37.98704865,-38.19017725,-38.30350748,-38.26856068,-37.96703069
2469.93987976,-36.28694617,1.89998083,3.60992716,-31.62410401,-36.51973284,-37.35437132,-36.84000038,-37.01944548,-37.08340004,-37.06335782,-36.79115748
2513.82765531,-35.00730108,1.93249422,3.73453393,-30.25100046,-35.26147006,-35.95260527,-35.68284179,-35.72189546,-35.81945661,-35.77719248,-35.59194652
2557.71543086,-33.98656913,1.96273327,3.85232187,-29.14955102,-34.26079775,-34.82124187,-34.76778215,-34.68434147,-34.81307769,-34.74986448,-34.64589663
2601.60320641,-35.01864854,1.95389207,3.81769423,-30.20193059,-35.30245000,-35.83378522,-35.77222129,-35.70818452,-35.84881743,-35.77474693,-35.70705236
2645.49098196,-36.05072795,1.94520369,3.78381741,-31.25431016,-36.34410225,-36.84632858,-36.77666042,-36.73202757,-36.88455716,-36.79962938,-36.76820809
2689.37875752,-36.10696993,1.90758668,3.63888694,-31.40082256,-36.42908213,-36.90497696,-36.83044177,-36.76535125,-36.91110422,-36.81811736,-36.79586318
2733.26653307,-34.97372959,1.83568357,3.36973416,-30.44314184,-35.34794066,-35.80088946,-35.72543313,-35.59129629,-35.70751108,-35.60987600,-35.56374826
2777.15430862,-33.84048925,1.76548123,3.11692397,-29.48546113,-34.26679919,-34.69680196,-34.62042449,-34.41724134,-34.50391794,-34.40163464,-34.33163333
2821.04208417,-33.64368782,1.81625855,3.29879512,-29.16191082,-34.04518839,-34.48616699,-34.42136530,-34.23374627,-34.35598050,-34.26581963,-34.17932464
2864.92985972,-33.69681433,1.90046967,3.61178495,-29.00760477,-34.05297936,-34.51398724,-34.46409667,-34.31462360,-34.48978900,-34.41622653,-34.31520748
2908.81763527,-33.86081178,1.97201545,3.88884495,-28.99846661,-34.17438955,-34.65591754,-34.61320160,-34.49856124,-34.72248979,-34.66612953,-34.55733843
2952.70541082,-34.78011751,1.94839309,3.79623564,-29.97828462,-35.06983068,-35.57522248,-35.48697637,-35.38459726,-35.62889428,-35.59384970,-35.52328466
2996.59318637,-35.69942323,1.92520989,3.70643313,-30.95810264,-35.96527181,-36.49452743,-36.36075115,-36.27063329,-36.53529878,-36.52156988,-36.48923090
3040.48096192,-36.50975837,1.98114218,3.92492434,-31.63229485,-36.76604166,-37.31816515,-37.19141004,-37.10403227,-37.37555982,-37.37687817,-37.31368499
3084.36873747,-37.19555569,2.12773799,4.52726897,-31.95720044,-37.45861576,-38.03246891,-37.97279364,-37.87727464,-38.14022831,-38.14943001,-37.97643377
3128.25651303,-37.88135301,2.27507052,5.17594588,-32.28210604,-38.15118986,-38.74677267,-38.75417725,-38.65051702,-38.90489681,-38.92198186,-38.63918255
3172.14428858,-37.49478561,2.22677843,4.95854216,-32.01096907,-37.78108344,-38.37287584,-38.37542956,-38.26825247,-38.46424734,-38.47104504,-38.21438213
3216.03206413,-36.84900423,2.13167218,4.54402629,-31.59575559,-37.15410393,-37.73593715,-37.71625278,-37.60667666,-37.73224617,-37.72436427,-37.52669729
3259.91983968,-36.37487498,2.05618730,4.22790620,-31.30637975,-36.68784015,-37.26920105,-37.23351068,-37.12306676,-37.19098176,-37.16662808,-37.02139160
3303.80761523,-36.92112229,2.09370081,4.38358310,-31.76503874,-37.17694220,-37.81422481,-37.79957467,-37.69736539,-37.78354150,-37.73206250,-37.60022854
3347.69539078,-37.46736961,2.13160593,4.54374384,-32.22369772,-37.66604425,-38.35924858,-38.36563866,-38.27166402,-38.37610125,-38.29749691,-38.17906548
3391.58316633,-37.58692203,2.13336634,4.55125194,-32.33872424,-37.81071743,-38.50854527,-38.51403122,-38.41281584,-38.49308736,-38.38267319,-38.23478172
3435.47094188,-37.24913297,2.09887396,4.40527189,-32.08543750,-37.58622374,-38.23369250,-38.21475384,-38.08971085,-38.10034263,-37.95309764,-37.72980506
3479.35871743,-36.91134391,2.06830187,4.27787264,-31.83215076,-37.36173006,-37.95883973,-37.91547647,-37.76660586,-37.70759789,-37.52352210,-37.22482839
3523.24649299,-37.04828567,2.04185967,4.16919091,-32.02848836,-37.44824319,-38.02188771,-38.00691991,-37.90304569,-37.86762521,-37.70268196,-37.40739333
3567.13426854,-37.28849680,2.01808842,4.07268087,-32.32263386,-37.60241041,-38.15844007,-38.18335782,-38.13945143,-38.14789838,-38.01426155,-37.73952089
3611.02204409,-37.45723135,1.98483036,3.93955154,-32.57244887,-37.72485275,-38.25137763,-38.29785200,-38.29324711,-38.33245923,-38.22313368,-37.96247949
3654.90981964,-37.25071383,1.89234460,3.58096810,-32.58952886,-37.68073949,-38.11533754,-38.08714166,-38.01333994,-38.01453035,-37.89279174,-37.61230109
3698.79759519,-37.04419632,1.80582165,3.26099184,-32.60660885,-37.63662623,-37.97929745,-37.87643132,-37.73343277,-37.69660148,-37.56244979,-37.26212269
3742.68537074,-36.78441543,1.78458592,3.18474690,-32.40000298,-37.39960542,-37.72028774,-37.60244491,-37.44637697,-37.42062924,-37.29556264,-36.99041352
3786.57314629,-36.47108632,1.82719728,3.33864990,-31.96851505,-36.96864546,-37.33765081,-37.26484407,-37.15213429,-37.18683801,-37.09246963,-36.79759321
3830.46092184,-36.15775721,1.87391807,3.51156895,-31.53702712,-36.53768550,-36.95501388,-36.92724322,-36.85789162,-36.95304679,-36.88937662,-36.60477290
3874.34869739,-36.54889788,1.88267530,3.54446628,-31.90560591,-36.90852743,-37.36427775,-37.32422453,-37.23581048,-37.33515086,-37.26321431,-37.05437179
3918.23647295,-37.07689416,1.88406183,3.54968898,-32.42961168,-37.43513342,-37.92738222,-37.86391128,-37.74430851,-37.83690339,-37.74913090,-37.62877185
3962.12424850,-37.60036337,1.88168210,3.54072753,-32.96032162,-37.94682577,-38.48833136,-38.39290083,-38.24090752,-38.34200839,-38.23303224,-38.19857924
4006.01202405,-38.10263773,1.86022961,3.46045422,-33.52241927,-38.38869515,-39.03918961,-38.87180800,-38.68179753,-38.86280910,-38.70749858,-38.74688459
4049.89979960,-38.60491208,1.83985796,3.38507731,-34.08451693,-38.83056452,-39.59004785,-39.35071517,-39.12268753,-39.38360980,-39.18196493,-39.29518994
4093.78757515,-38.33711031,1.75276881,3.07219849,-34.03347482,-38.55052116,-39.29760506,-39.04145494,-38.80019629,-39.08101125,-38.87619996,-39.01641904
4137.67535070,-37.34312277,1.60220467,2.56705981,-33.40423872,-37.58971034,-38.20992502,-37.98894876,-37.75783257,-38.00194295,-37.83467283,-37.95771094
4181.56312625,-36.34913522,1.45200342,2.10831393,-32.77500262,-36.62889952,-37.12224498,-36.93644259,-36.71546885,-36.92287465,-36.79314570,-36.89900285
4225.45090180,-35.93965402,1.39761313,1.95332246,-32.49871749,-36.23554932,-36.68917742,-36.50541400,-36.28690295,-36.49085644,-36.35184009,-36.45877441
4269.33867735,-35.63063484,1.35974155,1.84889707,-32.28309580,-35.93973141,-36.36862139,-36.18120188,-35.96383355,-36.17004997,-36.01369756,-36.12484716
4313.22645291,-35.42467018,1.34143836,1.79945688,-32.12134512,-35.71159611,-36.12450181,-35.95110444,-35.75387222,-35.97261616,-35.81177936,-35.95054621
4357.11422846,-35.65239327,1.41457586,2.00102487,-32.18630162,-35.76829180,-36.20205231,-36.11707294,-36.01990737,-36.29437561,-36.18313857,-36.44800595
4401.00200401,-35.88011636,1.50189248,2.25568103,-32.25125812,-35.82498749,-36.27960281,-36.28304143,-36.28594252,-36.61613506,-36.55449778,-36.94546568
4444.88977956,-36.03425590,1.59914609,2.55726822,-32.25016873,-35.81805453,-36.29965634,-36.36264609,-36.44406805,-36.84449457,-36.86117777,-37.39378112
4488.77755511,-36.12331652,1.70552183,2.90880470,-32.19066690,-35.75484698,-36.26885828,-36.36586866,-36.50675595,-36.99024909,-37.11065404,-37.79863226
4532.66533066,-36.21237714,1.82111044,3.31644324,-32.13116506,-35.69163944,-36.23806023,-36.36909123,-36.56944384,-37.13600362,-37.36013031,-38.20348340
4576.55310621,-36.94240415,1.81582234,3.29721079,-32.85687622,-36.42377158,-36.99721456,-37.13381896,-37.29547956,-37.84970785,-38.08189988,-38.90046459
4620.44088176,-37.76877273,1.79254204,3.21320695,-33.70061018,-37.27544864,-37.87510407,-38.01300605,-38.12122094,-38.64877875,-38.87465833,-39.64135489
4664.32865731,-38.59454068,1.82081109,3.31535302,-34.47188856,-38.05922709,-38.70256240,-38.85935802,-38.95305188,-39.48154406,-39.72196488,-40.50672856
4708.21643287,-39.41802161,2.05221143,4.21157176,-34.96727835,-38.58446850,-39.33799437,-39.58068400,-39.80806998,-40.44260732,-40.77697376,-41.84609656
4752.10420842,-40.24150253,2.29653923,5.27409245,-35.46266814,-39.10970990,-39.97342633,-40.30200998,-40.66308807,-41.40367059,-41.83198265,-43.18546457
4795.99198397,-41.77564555,2.68484892,7.20841372,-36.72102633,-40.06687657,-41.14797670,-41.57822830,-42.14924140,-43.06657179,-43.68780781,-45.78743548
4839.87975952,-43.89911811,3.25046628,10.56553103,-38.61209002,-41.38222517,-42.76960088,-43.31460125,-44.15877516,-45.31148495,-46.20772452,-49.43644296
4883.76753507,-46.02259068,3.86745394,14.95719997,-40.50315371,-42.69757376,-44.39122505,-45.05097421,-46.16830892,-47.55639810,-48.72764123,-53.08545043
4927.65531062,-51.01228238,4.36081940,19.01674582,-43.18738047,-46.62557347,-49.32426920,-50.87203815,-55.00030299,-54.71688833,-54.14285361,-54.22895286
4971.54308617,-56.37320127,6.13522511,37.64098718,-45.97433618,-50.89195871,-54.68620209,-57.22214340,-64.71592897,-62.51403462,-59.93305909,-55.04794711
5015.43086172,-59.60045021,7.29476815,53.21364241,-47.97425166,-54.15697488,-58.31749984,-61.20908312,-70.36169779,-66.88941250,-63.05071729,-54.84396462
5059.31863727,-55.43605683,4.63971925,21.52699470,-47.24763490,-53.95296244,-55.95338300,-57.00934221,-61.90831858,-59.41080695,-56.90990807,-51.09609844
5103.20641283,-51.27166344,2.86084409,8.18442890,-46.52101815,-53.74895000,-53.58926617,-52.80960131,-53.45493937,-51.93220140,-50.76909885,-47.34823226
5147.09418838,-47.97985073,2.60689284,6.79589027,-44.29162369,-51.57788176,-50.68845295,-49.46411699,-48.42541484,-47.52111652,-47.09953812,-44.77066098
5190.98196393,-45.36625239,2.32834503,5.42119060,-40.89419348,-47.87791706,-47.37049184,-46.78260462,-46.05708541,-45.49426570,-45.35075821,-43.10270280
5234.86973948,-42.75265405,2.29935503,5.28703357,-37.49676326,-44.17795236,-44.05253072,-44.10109225,-43.68875598,-43.46741489,-43.60197830,-41.43474462
5278.75751503,-41.13552271,2.04705085,4.19041718,-36.43510681,-42.37107577,-42.29721882,-42.35340157,-41.95835902,-41.77108630,-41.87876387,-40.01916954
5322.64529058,-39.62747208,1.75655506,3.08548568,-35.62914156,-40.77143073,-40.71296616,-40.70793397,-40.29779489,-40.11093914,-40.15834803,-38.63122220
5366.53306613,-38.65705707,1.50739013,2.27222500,-35.26394463,-39.71272518,-39.67258545,-39.61433371,-39.19648753,-39.02308053,-39.00270684,-37.77059265
5410.42084168,-39.38915482,1.37889121,1.90134097,-36.29451402,-40.36699474,-40.35446597,-40.26831338,-39.86615988,-39.74746902,-39.63551875,-38.57980278
5454.30861723,-40.12125257,1.25129948,1.56575040,-37.32508342,-41.02126430,-41.03634648,-40.92229305,-40.53583224,-40.47185751,-40.26833066,-39.38901291
5498.19639279,-41.86200376,1.26140177,1.59113442,-39.11437605,-42.82545919,-42.81449344,-42.73306579,-42.24236391,-42.23054933,-41.91677902,-41.01894335
5542.08416834,-44.33716621,1.37719862,1.89667604,-41.45610311,-45.46692689,-45.39084360,-45.38611183,-44.70384385,-44.74232837,-44.30472304,-43.24644895
5585.97194389,-46.81232865,1.49910209,2.24730706,-43.79783018,-48.10839459,-47.96719376,-48.03915786,-47.16532379,-47.25410741,-46.69266707,-45.47395455
5629.85971944,-46.54160666,1.57382039,2.47691063,-42.80923270,-46.94155734,-47.26798007,-47.49568029,-47.03549011,-47.38088395,-47.33772266,-46.06430616
5673.74749499,-46.02343578,1.94986412,3.80197009,-41.52051877,-45.43152981,-46.27358476,-46.66414390,-46.67213690,-47.29273293,-47.82571564,-46.50712354
5717.63527054,-46.37031664,2.15925674,4.66238966,-41.44338206,-45.56596337,-46.68954457,-47.01047554,-47.07160737,-47.70465868,-48.50899921,-46.96790236
5761.52304609,-49.23125414,2.08346472,4.34082525,-44.88739167,-50.47961194,-51.20434894,-50.77998613,-49.68803420,-49.56993255,-49.75984608,-47.48088160
5805.41082164,-52.09219163,2.99228631,8.95377737,-48.33140128,-55.39326050,-55.71915332,-54.54949672,-52.30446103,-51.43520642,-51.01069296,-47.99386084
5849.29859719,-51.93303122,3.10377577,9.63342406,-49.15054951,-55.80556735,-55.52338503,-54.38357367,-52.17092937,-50.90098561,-50.28123398,-47.24802522
5893.18637275,-49.71532872,2.48604676,6.18042847,-48.18055454,-53.14969508,-52.11682283,-51.53520257,-50.16298655,-48.73123480,-48.20197010,-45.64416332
5937.07414830,-47.49762623,1.96746220,3.87090749,-47.21055958,-50.49382282,-48.71026062,-48.68683147,-48.15504373,-46.56148399,-46.12270623,-44.04030142
5980.96192385,-45.67115123,1.63051503,2.65857927,-44.98407594,-48.20886719,-46.71352095,-46.65573885,-46.28529762,-44.97179447,-44.66508526,-42.88482959
6024.84969940,-43.87262106,1.34526204,1.80972996,-42.66784311,-45.95040561,-44.81748289,-44.68302326,-44.42542271,-43.42353791,-43.25186736,-41.76138561
6068.73747495,-42.56935090,1.18707115,1.40913791,-41.06500117,-44.30325323,-43.44984351,-43.28531907,-43.07947906,-42.30615643,-42.17651753,-40.88923717
6112.62525050,-42.59162961,1.20639578,1.45539079,-41.37152895,-44.29225198,-43.49644769,-43.42661599,-43.10905735,-42.34199942,-42.00546169,-40.68967380
6156.51302605,-42.61390832,1.24662337,1.55406983,-41.67805672,-44.28125073,-43.54305187,-43.56791290,-43.13863564,-42.37784241,-41.83440585,-40.49011044
6200.40080160,-41.48515318,1.17311626,1.37620176,-40.63536528,-43.04782849,-42.44220202,-42.38885952,-41.90037266,-41.26872093,-40.67956615,-39.51831041
6244.28857715,-39.62255114,1.02775293,1.05627608,-38.73247295,-41.03504615,-40.60978760,-40.36801075,-39.85379166,-39.42962211,-38.89751054,-38.05416735
6288.17635271,-37.75994910,0.89873166,0.80771860,-36.82958061,-39.02226381,-38.77737318,-38.34716198,-37.80721067,-37.59052329,-37.11545494,-36.59002429
6332.06412826,-36.80869606,0.83214741,0.69246931,-35.74287894,-37.93628294,-37.74068239,-37.36826998,-36.87763518,-36.68771280,-36.29451257,-35.82159366
6375.95190381,-35.90608243,0.78061856,0.60936534,-34.69973800,-36.89976619,-36.74645999,-36.44498804,-36.00767516,-35.83487275,-35.52486558,-35.09029375
6419.83967936,-35.15658999,0.74141373,0.54969432,-33.86403329,-36.03910019,-35.92158711,-35.67352352,-35.27302009,-35.12080931,-34.87704120,-34.48360518
6463.72745491,-34.78564713,0.70129737,0.49181800,-33.54115704,-35.61317632,-35.51538388,-35.27738542,-34.87286894,-34.74983248,-34.53038938,-34.18498354
6507.61523046,-34.41470426,0.66174679,0.43790881,-33.21828078,-35.18725245,-35.10918066,-34.88124732,-34.47271780,-34.37885565,-34.18373757,-33.88636190
6551.50300601,-34.25799767,0.64171497,0.41179810,-33.03108037,-34.96988306,-34.92309498,-34.70063694,-34.30405006,-34.23897641,-34.08538326,-33.81087628
6595.39078156,-34.22892119,0.63764591,0.40659230,-32.92470812,-34.87675888,-34.86814315,-34.64842607,-34.27328735,-34.23677234,-34.13495087,-33.86832277
6639.27855711,-34.19984472,0.63931443,0.40872295,-32.81833587,-34.78363470,-34.81319133,-34.59621519,-34.24252463,-34.23456827,-34.18451848,-33.92576926
6683.16633267,-34.28563537,0.65843124,0.43353169,-32.80327530,-34.79989107,-34.86032714,-34.69687754,-34.39468497,-34.37876103,-34.29545679,-34.05580912
6727.05410822,-34.37555109,0.68321281,0.46677975,-32.79149387,-34.82007548,-34.91112908,-34.80302981,-34.55341438,-34.52821113,-34.40859901,-34.18845593
6770.94188377,-34.63539570,0.69256966,0.47965273,-32.99007957,-35.01846522,-35.12507783,-35.04775588,-34.84014627,-34.83221471,-34.69350430,-34.53592184
6814.82965932,-35.28428806,0.66407048,0.44098961,-33.67029526,-35.62485138,-35.71254691,-35.60974303,-35.41993649,-35.49006442,-35.37165662,-35.37521041
6858.71743487,-35.93318043,0.64679831,0.41834805,-34.35051095,-36.23123755,-36.30001598,-36.17173019,-35.99972671,-36.14791412,-36.04980894,-36.21449899
6902.60521042,-36.86815896,0.66390012,0.44076337,-35.26330070,-37.02735002,-37.12619865,-37.04498069,-36.90919935,-37.11617839,-37.05165560,-37.40640831
6946.49298597,-37.96220616,0.72036471,0.51892532,-36.30540548,-37.92895347,-38.08511003,-38.09129877,-38.00198089,-38.25703830,-38.23348168,-38.79438062
6990.38076152,-39.05625335,0.80113633,0.64181942,-37.34751027,-38.83055692,-39.04402142,-39.13761685,-39.09476243,-39.39789821,-39.41530777,-40.18235294
7034.26853707,-39.92887055,0.80397820,0.64638095,-38.29561737,-39.59074314,-39.81966309,-39.95041785,-40.00023921,-40.28681162,-40.37685521,-41.11061692
7078.15631263,-40.79727577,0.81269165,0.66046772,-39.24193648,-40.34823935,-40.59181865,-40.75877694,-40.90215313,-41.17093256,-41.33421256,-42.03013645
7122.04408818,-41.85284897,0.80110865,0.64177506,-40.35064973,-41.34691482,-41.63068240,-41.82273732,-41.97998461,-42.21988716,-42.40512771,-43.06680800
7165.93186373,-43.30615415,0.74195812,0.55050185,-41.80445055,-42.85809621,-43.23630105,-43.42985045,-43.43164090,-43.61911330,-43.71735316,-44.35242758
7209.81963928,-44.75945933,0.69866313,0.48813017,-43.25825137,-44.36927759,-44.84191970,-45.03696357,-44.88329719,-45.01833943,-45.02957862,-45.63804716
7253.70741483,-45.92565309,0.64556879,0.41675907,-44.51027304,-46.12426562,-46.63913939,-46.46999780,-46.06740489,-46.02020297,-45.81606522,-45.75787575
7297.59519038,-46.94306035,1.15150497,1.32596369,-45.65772899,-48.00559880,-48.53565029,-47.81282110,-47.11286394,-46.81614581,-46.33010416,-45.27356974
7341.48296593,-47.96046762,1.85344809,3.43526982,-46.80518495,-49.88693197,-50.43216119,-49.15564440,-48.15832298,-47.61208866,-46.84414310,-44.78926373
7385.37074148,-46.07298365,1.54916916,2.39992508,-45.59078064,-47.84144357,-48.03451512,-47.05703439,-46.08401739,-45.60243278,-44.98894403,-43.38470130
7429.25851703,-44.17773259,1.28941795,1.66259866,-44.37006119,-45.78545565,-45.62538734,-44.94922268,-44.00137019,-43.58527531,-43.12741009,-41.97767829
7473.14629259,-42.51886211,1.09875143,1.20725469,-43.09300386,-43.93432796,-43.61220203,-43.11558034,-42.21013223,-41.88852190,-41.54735021,-40.74977833
7517.03406814,-41.32712466,0.92296722,0.85186849,-41.70461211,-42.48804314,-42.38147442,-41.82374887,-40.99477445,-40.82494795,-40.52353666,-39.87585966
7560.92184369,-40.13538721,0.75571826,0.57111009,-40.31622037,-41.04175832,-41.15074682,-40.53191740,-39.77941667,-39.76137401,-39.49972312,-39.00194098
7604.80961924,-39.63378872,0.64203946,0.41221467,-39.61331219,-40.39236715,-40.57834235,-39.97385376,-39.33953649,-39.37181445,-39.08935249,-38.71173087
7648.69739479,-39.46498451,0.56072254,0.31440976,-39.24095340,-40.12724881,-40.32339015,-39.76962284,-39.27360202,-39.30727369,-38.97479227,-38.70299287
7692.58517034,-39.30109404,0.49763140,0.24763701,-38.87433220,-39.86638731,-40.07319924,-39.57085145,-39.21195293,-39.24722199,-38.86587076,-38.69893642
7736.47294589,-39.50082053,0.43905923,0.19277301,-38.93229315,-39.92053206,-40.17534387,-39.77608506,-39.46742200,-39.51936066,-39.17421321,-39.04131422
7780.36072144,-39.70054702,0.40497730,0.16400661,-38.99025410,-39.97467681,-40.27748851,-39.98131866,-39.72289107,-39.79149934,-39.48255566,-39.38369201
7824.24849699,-39.70565728,0.37702867,0.14215062,-38.95517896,-39.89957744,-40.19381246,-39.98084371,-39.74767334,-39.81116723,-39.57616421,-39.48084089
7868.13627255,-39.35249676,0.31877496,0.10161748,-38.74883285,-39.58655138,-39.76805743,-39.60167800,-39.34778220,-39.36605936,-39.27446717,-39.12654565
7912.02404810,-38.99933623,0.27055207,0.07319842,-38.54248673,-39.27352532,-39.34230240,-39.22251229,-38.94789106,-38.92095150,-38.97277013,-38.77225041
7955.91182365,-39.38408609,0.25617557,0.06562593,-38.95198998,-39.66603677,-39.68686055,-39.59106701,-39.36539349,-39.28559258,-39.36092953,-39.16481877
7999.79959920,-40.09932862,0.25599748,0.06553471,-39.63731766,-40.37454185,-40.37642384,-40.29450809,-40.14898725,-40.01290115,-40.05805938,-39.89188976
8043.68737475,-40.83865816,0.26156920,0.06841845,-40.33997775,-41.10591933,-41.09128049,-41.02410334,-40.95595200,-40.76736558,-40.78252637,-40.64214041
8087.57515030,-42.37504836,0.34459675,0.11874692,-41.61618289,-42.59416528,-42.64311726,-42.61916339,-42.53628433,-42.42044219,-42.41160410,-42.15942748
8131.46292585,-43.91143857,0.44399526,0.19713180,-42.89238803,-44.08241123,-44.19495403,-44.21422344,-44.11661665,-44.07351879,-44.04068182,-43.67671455
8175.35070140,-45.14279465,0.51725292,0.26755058,-43.93326571,-45.31214995,-45.48364984,-45.48936059,-45.31635079,-45.36066013,-45.30592600,-44.94099420
8219.23847695,-45.85028778,0.54757278,0.29983595,-44.56999402,-46.09793063,-46.32042966,-46.21506491,-45.86244891,-46.01934741,-45.94632559,-45.77076110
8263.12625251,-46.55778091,0.59485669,0.35385448,-45.20672234,-46.88371130,-47.15720949,-46.94076923,-46.40854703,-46.67803469,-46.58672519,-46.60052801
8307.01402806,-46.73455945,0.54587179,0.29797602,-45.61080933,-47.09205838,-47.42488823,-47.07643038,-46.45624208,-46.72724958,-46.63468301,-46.85411464
8350.90180361,-46.69104138,0.48919086,0.23930770,-45.91832823,-47.06071604,-47.45633633,-46.96716796,-46.29705284,-46.52347593,-46.43672160,-46.86853211
8394.78957916,-46.65052501,0.48379771,0.23406022,-46.22366473,-47.02716642,-47.48572513,-46.85993840,-46.14798414,-46.33037508,-46.24596047,-46.88338574
8438.67735471,-46.67322108,0.43845432,0.19224219,-46.48304239,-46.94713392,-47.47174739,-46.79551866,-46.21204225,-46.36203081,-46.20682883,-46.90742435
8482.56513026,-46.69591714,0.41665525,0.17360160,-46.74242006,-46.86710142,-47.45776965,-46.73109892,-46.27610035,-46.39368655,-46.16769720,-46.93146297
8526.45290581,-46.71855010,0.37832278,0.14312813,-46.91333866,-46.78169505,-47.38255399,-46.66024441,-46.36538718,-46.46349246,-46.20791473,-46.97377429
8570.34068136,-46.74108182,0.29202330,0.08527761,-46.94235420,-46.68766811,-47.20910249,-46.57906743,-46.49514509,-46.59449758,-46.37542157,-47.04539809
8614.22845691,-46.76361354,0.24229817,0.05870840,-46.97136974,-46.59364116,-47.03565100,-46.49789046,-46.62490299,-46.72550271,-46.54292840,-47.11702190
8658.11623246,-47.15819662,0.24674952,0.06088533,-47.55261493,-46.97924933,-47.43719044,-46.93902107,-47.06475515,-47.10750443,-46.87717513,-47.30806252
8702.00400802,-47.69555956,0.33939394,0.11518825,-48.34578590,-47.54892411,-48.05939061,-47.58059445,-47.62361027,-47.58582956,-47.27541060,-47.54493100
8745.89178357,-48.19554155,0.46976121,0.22067559,-49.08248580,-48.09501964,-48.64855602,-48.18697679,-48.13858214,-48.02650261,-47.63853918,-47.74767019
8789.77955912,-48.12343247,0.54716200,0.29938625,-48.95493280,-48.28025013,-48.73214605,-48.25478338,-47.98194952,-47.89093518,-47.46437978,-47.42808291
8833.66733467,-48.05132339,0.65884886,0.43408183,-48.82737981,-48.46548062,-48.81573609,-48.32258996,-47.82531689,-47.75536775,-47.29022037,-47.10849563
8877.55511022,-47.60690453,0.65829982,0.43335865,-48.25849539,-48.13029861,-48.39131626,-47.90767696,-47.34773608,-47.31063691,-46.85757355,-46.65150252
8921.44288577,-46.60402100,0.46651375,0.21763507,-47.02761381,-47.01449783,-47.20488163,-46.76868456,-46.38873298,-46.40216096,-46.03719561,-45.98840065
8965.33066132,-45.60113748,0.28447368,0.08092527,-45.79673224,-45.89869705,-46.01844700,-45.62969217,-45.42972989,-45.49368501,-45.21681766,-45.32529879
9009.21843687,-45.16699466,0.27055431,0.07319964,-45.40517113,-45.46091965,-45.55380945,-45.09593509,-44.95551621,-45.05751892,-44.80586743,-45.00121942
9053.10621242,-44.93406697,0.32023843,0.10255265,-45.31055372,-45.26302055,-45.34453693,-44.77630459,-44.65281648,-44.78845163,-44.53976887,-44.79708301
9096.99398798,-44.74216250,0.36033088,0.12983834,-45.22233588,-45.09206285,-45.16636501,-44.51170567,-44.40554403,-44.57130416,-44.33068734,-44.63729508
9140.88176353,-45.03970748,0.20750133,0.04305680,-45.21047156,-45.24254394,-45.35925542,-44.90369048,-44.81957634,-44.97361392,-44.80187785,-45.00663032
9184.76953908,-45.33725245,0.11218397,0.01258524,-45.19860724,-45.39302502,-45.55214582,-45.29567529,-45.23360864,-45.37592369,-45.27306836,-45.37596555
9228.65731463,-45.69104570,0.18631112,0.03471183,-45.27247842,-45.59151647,-45.82228922,-45.72924601,-45.70531007,-45.83622054,-45.78300674,-45.78829813
9272.54509018,-46.12380287,0.30926964,0.09564771,-45.46670905,-45.85740706,-46.20088393,-46.22119693,-46.25797008,-46.37792235,-46.34734116,-46.26099236
9316.43286573,-46.55656003,0.44219342,0.19553502,-45.66093967,-46.12329766,-46.57947864,-46.71314785,-46.81063010,-46.91962416,-46.91167559,-46.73368659
9360.32064128,-46.96989379,0.42456500,0.18025544,-46.12992945,-46.53411443,-46.98145864,-47.10057697,-47.22611211,-47.31106887,-47.34606852,-47.12982129
9404.20841683,-47.37691321,0.35847428,0.12850381,-46.68824022,-46.99204502,-47.39104094,-47.45402727,-47.59699915,-47.65366674,-47.73821899,-47.50106738
9448.09619238,-47.79417583,0.29433867,0.08663525,-47.25238461,-47.46762097,-47.81523742,-47.82417891,-47.97817531,-48.01154741,-48.13875138,-47.86551064
9491.98396794,-48.31094371,0.24484286,0.05994803,-47.87319841,-48.11460908,-48.38140035,-48.35657215,-48.45930279,-48.51788947,-48.62070814,-48.16386929
9535.87174349,-48.82771159,0.23735027,0.05633515,-48.49401220,-48.76159719,-48.94756328,-48.88896538,-48.94043026,-49.02423152,-49.10266491,-48.46222795
9579.75951904,-49.48852432,0.30291488,0.09175743,-49.13158413,-49.58050557,-49.71176538,-49.62325348,-49.62859050,-49.66594748,-49.67256421,-48.89398381
9623.64729459,-50.33872936,0.44834145,0.20101005,-49.79118990,-50.62545728,-50.73635232,-50.62299594,-50.58896046,-50.48565504,-50.35809166,-49.50113230
9667.53507014,-51.18893441,0.61230380,0.37491595,-50.45079567,-51.67040899,-51.76093926,-51.62273840,-51.54933043,-51.30536260,-51.04361911,-50.10828078
9711.42284569,-51.80935447,0.75776733,0.57421133,-50.87137505,-52.27787761,-52.22448709,-52.35968509,-52.28115337,-52.05986406,-52.04205941,-50.35833405
9755.31062124,-52.36139560,0.96324558,0.92784204,-51.22082548,-52.75516095,-52.52108210,-53.01842958,-52.94496577,-52.79496162,-53.13361566,-50.50212368
9799.19839679,-52.86303713,1.18872171,1.41305931,-51.53219621,-53.26267250,-52.85369474,-53.65945508,-53.53091580,-53.42430387,-54.04918335,-50.59187548
9843.08617234,-52.95410619,1.35729436,1.84224798,-51.53335678,-54.01643342,-53.47971927,-54.15613572,-53.48257239,-53.19212722,-53.53108816,-50.24141657
9886.97394790,-53.04517525,1.65079393,2.72512058,-51.53451736,-54.77019434,-54.10574380,-54.65281636,-53.43422898,-52.95995056,-53.01299297,-49.89095766
9930.86172345,-52.53065432,1.71644643,2.94618835,-51.17688022,-54.51558065,-53.79375429,-54.20758979,-52.80378231,-52.25815638,-52.14391527,-49.34557561
9974.74949900,-51.26995998,1.43378492,2.05573920,-50.37715304,-53.01850539,-52.32599748,-52.60179898,-51.45610125,-50.97772631,-50.84237697,-48.56002041
10018.63727455,-50.00926564,1.16425695,1.35549426,-49.57742586,-51.52143014,-50.85824066,-50.99600817,-50.10842020,-49.69729624,-49.54083868,-47.77446521
10062.52505010,-49.33936361,0.95234577,0.90696247,-49.01613906,-50.62187141,-49.94631942,-50.12408196,-49.41440118,-49.12246703,-48.98398927,-47.48563953
10106.41282565,-48.82967643,0.75769338,0.57409925,-48.51951406,-49.88435107,-49.18513325,-49.45116988,-48.89764644,-48.73898720,-48.62908939,-47.33152016
10150.30060120,-48.33614676,0.58734917,0.34497905,-48.03311843,-49.17863812,-48.47620804,-48.82100140,-48.39297090,-48.34581434,-48.26737886,-47.17404400
10194.18837675,-47.95537585,0.52335873,0.27390436,-47.61811078,-48.69490011,-48.13199757,-48.48912868,-47.97259276,-47.88499649,-47.85813869,-46.99314168
10238.07615230,-47.57460493,0.47030085,0.22118289,-47.20310313,-48.21116210,-47.78778710,-48.15725597,-47.55221462,-47.42417864,-47.44889853,-46.81223937
10281.96392786,-47.32004348,0.40841175,0.16680016,-46.80165499,-47.77144126,-47.50833211,-47.89406083,-47.33651136,-47.21353723,-47.27756959,-46.75724049
10325.85170341,-47.21127572,0.39790715,0.15833010,-46.41587043,-47.38256783,-47.30368085,-47.71020015,-47.35724288,-47.29189273,-47.38106913,-46.84768180
10369.73947896,-47.10250796,0.48728610,0.23744774,-46.03008586,-46.99369440,-47.09902960,-47.52633946,-47.37797439,-47.37024823,-47.48456867,-46.93812310
10413.62725451,-46.93268908,0.50347239,0.25348445,-45.84195680,-46.77081056,-46.89182946,-47.25164533,-47.24764226,-47.28092624,-47.39344206,-46.78325996
10457.51503006,-46.74786096,0.49663352,0.24664486,-45.70242080,-46.58873479,-46.68400268,-46.95462007,-47.08017154,-47.15038122,-47.25446715,-46.56808942
10501.40280561,-46.63137629,0.49043560,0.24052708,-45.62701715,-46.49936104,-46.57340157,-46.75032565,-46.96821948,-47.06668229,-47.16449807,-46.40150511
10545.29058116,-46.93011039,0.47296756,0.22369832,-45.94124781,-46.97319575,-47.05349229,-47.10941486,-47.19356938,-47.26759545,-47.37226249,-46.53010513
10589.17835671,-47.22884449,0.49096175,0.24104344,-46.25547847,-47.44703047,-47.53358301,-47.46850406,-47.41891928,-47.46850861,-47.58002691,-46.65870515
10633.06613226,-47.53506332,0.58027110,0.33671455,-46.38537515,-47.76450553,-47.91208443,-47.92003843,-47.74689292,-47.77898289,-47.90765947,-46.86496774
10676.95390782,-47.84939061,0.74096939,0.54903564,-46.31557669,-47.91259097,-48.18053078,-48.47172173,-48.18604230,-48.20814839,-48.36514919,-47.15536480
10720.84168337,-48.16371789,0.91779502,0.84234770,-46.24577823,-48.06067641,-48.44897714,-49.02340503,-48.62519167,-48.63731389,-48.82263890,-47.44576186
10764.72945892,-48.12681755,0.88784871,0.78827533,-46.30552932,-48.20294524,-48.39921305,-48.98890800,-48.53048566,-48.52541386,-48.75125232,-47.31079299
10808.61723447,-48.01212087,0.82819391,0.68590515,-46.39397543,-48.34392571,-48.27896586,-48.82457298,-48.31753154,-48.29366868,-48.56272051,-47.08160627
10852.50501002,-47.82621284,0.78561631,0.61719299,-46.40484558,-48.39252011,-48.10394412,-48.59275249,-48.03593558,-47.98776694,-48.28335887,-46.80857904
10896.39278557,-47.25890165,0.73183333,0.53558003,-46.00022419,-47.94630101,-47.63555364,-47.99948434,-47.38669850,-47.28468763,-47.51751889,-46.30074504
10940.28056112,-46.69159047,0.69868675,0.48816318,-45.59560280,-47.50008191,-47.16716316,-47.40621620,-46.73746141,-46.58160831,-46.75167890,-45.79291105
10984.16833667,-46.40671924,0.63095645,0.39810604,-45.43545655,-47.22757617,-46.86972575,-47.02258058,-46.40372128,-46.26059321,-46.37122456,-45.66287579
11028.05611222,-46.40884345,0.51624804,0.26651204,-45.52372860,-47.13158563,-46.74599871,-46.85195868,-46.39056675,-46.32780466,-46.38237174,-45.91673281
11071.94388778,-46.41096766,0.41502546,0.17224613,-45.61200064,-47.03559509,-46.62227168,-46.68133677,-46.37741222,-46.39501611,-46.39351893,-46.17058983
11115.83166333,-46.13238607,0.31828674,0.10130645,-45.53702586,-46.58524032,-46.32910530,-46.33111277,-46.17422756,-46.14102727,-46.08922329,-45.87212617
11159.71943888,-45.79820141,0.24092124,0.05804304,-45.42971464,-46.06469200,-46.00237586,-45.94531264,-45.93340114,-45.82341409,-45.72244376,-45.46425713
11203.60721443,-45.49112598,0.20460734,0.04186416,-45.31738713,-45.59352990,-45.70594215,-45.58742517,-45.69475021,-45.53089227,-45.38589780,-45.11318324
11247.49498998,-45.31334076,0.16827417,0.02831620,-45.18113580,-45.35790210,-45.55399575,-45.36265965,-45.46647470,-45.35803691,-45.19354270,-45.03297848
11291.38276553,-45.13555554,0.14336988,0.02055492,-45.04488447,-45.12227429,-45.40204936,-45.13789412,-45.23819920,-45.18518155,-45.00118759,-44.95277371
11335.27054108,-45.12052521,0.12672337,0.01605881,-45.01921660,-45.03805704,-45.36961892,-45.06147219,-45.20295495,-45.18780224,-44.98629030,-45.09878947
11379.15831663,-45.26062065,0.15985544,0.02555376,-45.09894860,-45.09815298,-45.45110214,-45.12644024,-45.35169361,-45.35767354,-45.14053248,-45.46042165
11423.04609218,-45.40071610,0.23423654,0.05486675,-45.17868060,-45.15824891,-45.53258536,-45.19140829,-45.50043228,-45.52754483,-45.29477466,-45.82205384
11466.93386774,-45.61553432,0.26936082,0.07255525,-45.34989864,-45.42386987,-45.76482191,-45.40116969,-45.66043490,-45.65108183,-45.49633720,-46.17666049
11510.82164329,-45.84347002,0.31158922,0.09708784,-45.53717692,-45.72557046,-46.02352299,-45.63634937,-45.82241488,-45.76648491,-45.70620677,-46.53003383
11554.70941884,-45.92459431,0.36490278,0.13315404,-45.55694567,-45.85227201,-46.12046175,-45.72520305,-45.84768613,-45.76835649,-45.78630438,-46.73952504
11598.59719439,-45.37711770,0.42797118,0.18315934,-44.85949056,-45.22968191,-45.52478438,-45.18753416,-45.28761291,-45.28412142,-45.31075865,-46.33295758
11642.48496994,-44.82964108,0.50023392,0.25023397,-44.16203545,-44.60709181,-44.92910701,-44.64986527,-44.72753969,-44.79988635,-44.83521292,-45.92639012
11686.37274549,-44.47157953,0.59328171,0.35198318,-43.68304821,-44.11681282,-44.43975690,-44.22680380,-44.38152932,-44.56959999,-44.61149108,-45.74359411
11730.26052104,-44.28284358,0.72161791,0.52073241,-43.39935802,-43.74481195,-44.04545692,-43.90619441,-44.22687817,-44.56632839,-44.61288454,-45.76083623
11774.14829659,-44.09410763,0.86677896,0.75130576,-43.11566783,-43.37281108,-43.65115695,-43.58558503,-44.07222702,-44.56305680,-44.61427800,-45.77807834
11818.03607214,-43.72315630,0.81133443,0.65826356,-42.82951070,-43.07487729,-43.35448666,-43.24452671,-43.66932467,-44.08213505,-44.16497733,-45.36541200
11861.92384770,-43.32417184,0.73054163,0.53369107,-42.54297404,-42.78833844,-43.07283633,-42.90032240,-43.22822982,-43.52772868,-43.64633909,-44.88660590
11905.81162325,-42.95074981,0.69920893,0.48889312,-42.24507966,-42.46567274,-42.75527160,-42.54750345,-42.82567705,-43.05403853,-43.21546945,-44.49728598
11949.69939880,-42.67625772,0.83478419,0.69686464,-41.90322942,-42.00319147,-42.29871349,-42.16134473,-42.57228709,-42.89273066,-43.12427563,-44.45428923
11993.58717435,-42.40176562,0.97875510,0.95796155,-41.56137917,-41.54071020,-41.84215538,-41.77518601,-42.31889713,-42.73142280,-43.03308182,-44.41129248
12037.47494990,-42.37592300,1.01045654,1.02102242,-41.50936316,-41.49704919,-41.80064401,-41.72962929,-42.28338179,-42.71314058,-43.01343392,-44.46074208
12081.36272545,-42.55850714,0.94873248,0.90009333,-41.70029644,-41.80445811,-42.10703945,-41.96957717,-42.43049664,-42.81474750,-43.05375834,-44.58768347
12125.25050100,-42.74109128,0.89322768,0.79785569,-41.89122971,-42.11186703,-42.41343490,-42.20952506,-42.57761149,-42.91635442,-43.09408276,-44.71462487
12169.13827655,-42.75174929,1.02372800,1.04801901,-41.68530758,-42.00917544,-42.37048367,-42.23398364,-42.62967309,-42.96054914,-43.12972470,-44.99509703
12213.02605210,-42.73955307,1.18134320,1.39557176,-41.42663127,-41.85196898,-42.28109361,-42.22979712,-42.66909921,-42.99711204,-43.16474420,-45.29597812
12256.91382766,-42.77982780,1.36918787,1.87467543,-41.24247879,-41.72356120,-42.20220859,-42.23586088,-42.73839529,-43.09065444,-43.28229767,-45.72316555
12300.80160321,-43.00469914,1.66046595,2.75714715,-41.32050657,-41.69646925,-42.16028104,-42.27798586,-42.91277606,-43.38465489,-43.69021167,-46.59470781
12344.68937876,-43.22957049,1.95574673,3.82494528,-41.39853434,-41.66937730,-42.11835350,-42.32011083,-43.08715683,-43.67865535,-44.09812566,-47.46625006
12388.57715431,-43.80740768,2.39938366,5.75704195,-41.66671650,-41.90461921,-42.41943866,-42.64180282,-43.57402134,-44.30660839,-44.91571435,-49.03034020
12432.46492986,-44.66257520,2.95901841,8.75578995,-42.08430568,-42.34598059,-42.99003379,-43.18315460,-44.30640879,-45.19695275,-46.05519029,-51.13857509
12476.35270541,-45.51774271,3.51934963,12.38582184,-42.50189485,-42.78734196,-43.56062892,-43.72450638,-45.03879624,-46.08729711,-47.19466623,-53.24680998
12520.24048096,-46.10916634,4.41043541,19.45194053,-42.56230005,-42.89707811,-43.75996289,-43.84847028,-45.35279627,-46.60945177,-47.78374196,-56.05952936
12564.12825651,-46.67085030,5.34955008,28.61768601,-42.58242931,-42.96942033,-43.91743358,-43.92536967,-45.61961908,-47.09008949,-48.31075476,-58.95168615
12608.01603206,-47.18704774,6.10443740,37.26415591,-42.58913051,-43.03708726,-44.12008965,-44.02458496,-45.93571833,-47.61940970,-48.89789942,-61.27246212
12651.90380762,-47.55707506,6.25482248,39.12280427,-42.55268087,-43.08973028,-44.46794815,-44.19551206,-46.41016660,-48.30517029,-49.67827678,-61.75711542
12695.79158317,-47.92710237,6.41501120,41.15236867,-42.51623124,-43.14237330,-44.81580665,-44.36643916,-46.88461488,-48.99093089,-50.45865415,-62.24176872
12739.67935872,-48.14405270,5.72799932,32.80997618,-42.72062861,-43.29309666,-45.09496191,-44.67070795,-47.60195551,-49.95025234,-51.96233162,-59.85848700
12783.56713427,-48.24832136,4.77294725,22.78102545,-43.10231615,-43.51601803,-45.32354394,-45.07313105,-48.49809190,-51.11094498,-53.99843833,-55.36408645
12827.45490982,-48.35259001,4.51823272,20.41442688,-43.48400369,-43.73893941,-45.55212598,-45.47555415,-49.39422829,-52.27163763,-56.03454505,-50.86968590
12871.34268537,-48.81467313,4.59169402,21.08365396,-44.00723867,-44.28841559,-46.22461491,-45.99802577,-50.22328756,-53.51023868,-56.87581431,-49.38974952
12915.23046092,-49.31013835,4.75893487,22.64746110,-44.54367924,-44.86835753,-46.93851790,-46.53169726,-51.04608891,-54.75610816,-57.60561186,-48.19104595
12959.11823647,-49.79136576,4.90021035,24.01206149,-45.07253425,-45.44119719,-47.64829179,-47.16824416,-52.06770084,-55.91576598,-57.89203819,-47.12515370
13003.00601202,-50.23062909,4.80098381,23.04944554,-45.57903179,-45.99310381,-48.34589570,-48.10800280,-53.67528082,-56.82132628,-56.87168621,-46.45070530
13046.89378758,-50.66989241,4.85773537,23.59759294,-46.08552932,-46.54501042,-49.04349962,-49.04776144,-55.28286080,-57.72688658,-55.85133422,-45.77625690
13090.78156313,-50.72509467,4.30081237,18.49698702,-46.93187803,-47.33953598,-49.75329804,-50.49720824,-55.41408990,-56.68305762,-54.20468502,-44.97700453
13134.66933868,-50.51560619,3.55760203,12.65653221,-48.01244848,-48.30127190,-50.47150079,-52.29792661,-54.52783394,-54.29573066,-52.12639855,-44.09173861
13178.55711423,-50.30611772,3.42027183,11.69825941,-49.09301893,-49.26300782,-51.18970354,-54.09864498,-53.64157798,-51.90840370,-50.04811208,-43.20647269
13222.44488978,-49.31620527,3.11744113,9.71843920,-49.11491036,-49.40678813,-50.69187710,-53.00996470,-51.46322630,-49.95181260,-48.40070412,-42.49035884
13266.33266533,-48.26815236,2.98602102,8.91632152,-49.05793172,-49.48963193,-50.10345822,-51.70602835,-49.18861535,-48.02731070,-46.78539599,-41.78684658
13310.22044088,-47.34293848,2.99875702,8.99254368,-48.75142414,-49.32090639,-49.47393131,-50.51896919,-47.45818869,-46.56339954,-45.51562788,-41.14106072
13354.10821643,-46.75097112,2.83695726,8.04832652,-47.76797667,-48.46970561,-48.73288359,-49.64898278,-47.20406402,-46.34901174,-45.18326535,-40.65187918
13397.99599198,-46.15900375,2.70021293,7.29114987,-46.78452920,-47.61850483,-47.99183588,-48.77899638,-46.94993934,-46.13462395,-44.85090281,-40.16269763
13441.88376754,-45.70314067,2.71640465,7.37885421,-46.20717192,-47.13307021,-47.39967543,-48.47617502,-46.59522967,-45.71235200,-44.42865576,-39.67279537
13485.77154309,-45.33502904,2.82713770,7.99270760,-45.89163594,-46.88345851,-46.90350809,-48.53902586,-46.17566914,-45.15604949,-43.94845684,-39.18242844
13529.65931864,-44.96691740,2.94751564,8.68784842,-45.57609997,-46.63384680,-46.40734075,-48.60187669,-45.75610861,-44.59974698,-43.46825793,-38.69206152
13573.54709419,-44.77710838,3.10158678,9.61984055,-45.36922834,-46.64219494,-46.47028501,-48.77648481,-45.37753312,-44.22067632,-42.96156484,-38.39889968
13617.43486974,-44.59734458,3.26879229,10.68500304,-45.16847865,-46.66507602,-46.56472851,-48.95738911,-45.00126664,-43.85159056,-42.45337912,-38.11684799
13661.32264529,-44.46878524,3.45405563,11.93050030,-45.18566058,-46.96174967,-46.73828103,-49.03909091,-44.57034539,-43.42799795,-41.93261755,-37.89453882
13705.21042084,-44.46847633,3.71452352,13.79768501,-45.74868990,-47.94418411,-47.10997573,-48.87232292,-44.00253181,-42.86788350,-41.38035755,-37.82186512
13749.09819639,-44.46816742,4.04339335,16.34902978,-46.31171922,-48.92661854,-47.48167044,-48.70555492,-43.43471823,-42.30776905,-40.82809756,-37.74919141
13792.98597194,-43.97695167,3.84033998,14.74821115,-45.83791917,-48.38164812,-46.88566806,-47.83516260,-42.87378165,-41.78375565,-40.45092157,-37.76675655
13836.87374749,-43.18993308,3.29398842,10.85035968,-44.73936295,-46.91631836,-45.70656617,-46.54079153,-42.31698892,-41.28149544,-40.17924493,-37.83869638
13880.76152305,-42.40291450,2.74848293,7.55415843,-43.64080673,-45.45098860,-44.52746428,-45.24642045,-41.76019619,-40.77923523,-39.90756828,-37.91063620
13924.64929860,-42.17158704,2.55993191,6.55325136,-43.66601637,-45.22672053,-44.11807071,-44.52402577,-41.35774504,-40.51974508,-39.76179905,-38.19857377
13968.53707415,-41.96180993,2.41044040,5.81022291,-43.73480695,-45.05058228,-43.73852732,-43.82381300,-40.96127944,-40.26966984,-39.62091265,-38.49488798
14012.42484970,-41.73264185,2.25474770,5.08388721,-43.63983680,-44.74963759,-43.35688521,-43.19888052,-40.65595566,-40.04068545,-39.48188095,-38.73737258
14056.31262525,-41.45851415,2.02660320,4.10712051,-43.16517361,-44.15931871,-42.97037706,-42.74849175,-40.56195188,-39.86060199,-39.34714952,-38.85504869
14100.20040080,-41.18438646,1.80113913,3.24410215,-42.69051041,-43.56899983,-42.58386891,-42.29810298,-40.46794809,-39.68051853,-39.21241809,-38.97272481
14144.08817635,-40.76774611,1.55569164,2.42017648,-42.15346857,-42.79193908,-41.99870106,-41.63578404,-40.21184950,-39.44565729,-39.00783186,-38.89673745
14187.97595190,-40.27094239,1.30182463,1.69474738,-41.58133873,-41.90983605,-41.30178713,-40.85425438,-39.86457258,-39.17998356,-38.76395229,-38.71181438
14231.86372745,-39.77413867,1.05625701,1.11567886,-41.00920889,-41.02773301,-40.60487320,-40.07272473,-39.51729565,-38.91430982,-38.52007273,-38.52689132
14275.75150301,-39.54698132,1.17338776,1.37683883,-41.02129862,-40.97190213,-40.48693747,-39.71505468,-39.11768686,-38.57031778,-38.26250595,-38.23014707
14319.63927856,-39.32570182,1.30585785,1.70526472,-41.04612339,-40.93408262,-40.38162251,-39.36662408,-38.71693732,-38.22461852,-38.00464082,-37.93096530
14363.52705411,-39.09640250,1.39196910,1.93757798,-40.95629574,-40.80331965,-40.23700734,-39.09905736,-38.38851294,-37.93392752,-37.72589988,-37.62719956
14407.41482966,-38.84985045,1.37183574,1.88193329,-40.61982088,-40.47261106,-40.00784717,-39.00544994,-38.21567884,-37.76157358,-37.40224965,-37.31357251
14451.30260521,-38.60329841,1.35775613,1.84350171,-40.28334602,-40.14190246,-39.77868701,-38.91184252,-38.04284473,-37.58921964,-37.07859943,-36.99994546
14495.19038076,-38.41953056,1.19437584,1.42653365,-39.90212491,-39.72269858,-39.38298279,-38.82821254,-37.98142038,-37.53297321,-36.96669699,-37.03913511
14539.07815631,-38.26868614,0.95943586,0.92051717,-39.49743931,-39.25708863,-38.89994448,-38.74981465,-37.97841822,-37.53761241,-36.96583302,-37.26333840
14582.96593186,-38.11784171,0.74432208,0.55401537,-39.09275371,-38.79147868,-38.41690617,-38.67141675,-37.97541605,-37.54225162,-36.96496905,-37.48754168
14626.85370741,-37.78383113,0.77992072,0.60827633,-38.96442751,-38.56758073,-37.97596844,-38.10524178,-37.37664955,-36.98154234,-36.65175981,-37.64747891
14670.74148297,-37.44883843,0.89675049,0.80416145,-38.83758314,-38.34497883,-37.53525645,-37.53645138,-36.77468861,-36.41780171,-36.33687580,-37.80707155
14714.62925852,-37.20195679,0.99423694,0.98850709,-38.68583820,-38.12522336,-37.20227052,-37.11622900,-36.34786679,-36.03308486,-36.12588004,-37.97926152
14758.51703407,-37.13129725,0.96917141,0.93929323,-38.48429211,-37.91116077,-37.08473671,-36.99314268,-36.27132325,-36.00641559,-36.12266078,-38.17664614
14802.40480962,-37.06063772,0.96158870,0.92465283,-38.28274602,-37.69709817,-36.96720291,-36.87005635,-36.19477971,-35.97974632,-36.11944152,-38.37403076
14846.29258517,-37.12755343,0.93900824,0.88173648,-38.04570314,-37.56617453,-36.99241181,-36.82570281,-36.29321198,-36.16948666,-36.33248041,-38.79525611
14890.18036072,-37.26161896,0.95885560,0.91940407,-37.79133444,-37.47583062,-37.08729275,-36.81977837,-36.47704910,-36.46485550,-36.65107386,-39.32573704
14934.06813627,-37.39926582,1.04378914,1.08949577,-37.53928137,-37.38645425,-37.18185885,-36.81483791,-36.66394070,-36.76415712,-36.97565347,-39.86794292
14977.95591182,-37.86908170,1.49245767,2.22742990,-37.50200269,-37.38681808,-37.24722368,-36.90116210,-37.13413501,-37.42822467,-37.85544931,-41.49763802
15021.84368737,-38.33889757,2.00841715,4.03373943,-37.46472402,-37.38718190,-37.31258851,-36.98748629,-37.60432933,-38.09229222,-38.73524516,-43.12733312
15065.73146293,-38.73688130,2.51879837,6.34434525,-37.38932249,-37.36319119,-37.41024198,-37.04621444,-37.95097670,-38.60208594,-39.48964094,-44.64337673
15109.61923848,-39.00107082,2.97681352,8.86141876,-37.24291351,-37.29383780,-37.56803613,-37.05354235,-38.06750611,-38.82452993,-40.01046713,-45.94773357
15153.50701403,-39.26526033,3.43732535,11.81520556,-37.09650453,-37.22448442,-37.72583028,-37.06087026,-38.18403551,-39.04697392,-40.53129333,-47.25209042
15197.39478958,-39.24191622,3.38614248,11.46596088,-36.85210364,-37.16124454,-37.83401902,-37.09591748,-38.27047566,-39.10283426,-40.57304420,-47.04569095
15241.28256513,-39.08817894,3.10919463,9.66709126,-36.56326455,-37.10077707,-37.91971228,-37.14353509,-38.34327067,-39.08315085,-40.39753998,-46.15418106
15285.17034068,-38.95171723,2.85784385,8.16727147,-36.29143688,-37.04890032,-38.00982640,-37.19533717,-38.42805982,-39.07915891,-40.24167931,-45.31933898
15329.05811623,-39.44581329,3.17705012,10.09364744,-36.64052593,-37.31058541,-38.26130212,-37.39987289,-38.95063504,-39.64790521,-40.80280792,-46.55287181
15372.94589178,-39.93990936,3.49879479,12.24156499,-36.98961498,-37.57227049,-38.51277783,-37.60440861,-39.47321025,-40.21665151,-41.36393652,-47.78640465
15416.83366733,-40.62977914,3.96050112,15.68556912,-37.31091789,-37.95632197,-38.96814614,-37.99375922,-40.10758351,-40.95502983,-42.22899783,-49.51747674
15460.72144289,-41.65975218,4.66433120,21.75598550,-37.58395001,-38.55295157,-39.77772203,-38.70417514,-40.93617527,-41.98809733,-43.62205902,-52.11288710
15504.60921844,-42.68972522,5.36993842,28.83623867,-37.85698212,-39.14958117,-40.58729792,-39.41459106,-41.76476702,-43.02116483,-45.01512021,-54.70829747
15548.49699399,-43.50982550,5.55274788,30.83300903,-38.31694915,-39.89714314,-41.25378105,-40.25352270,-42.65382481,-43.82483689,-45.99483047,-55.88371580
15592.38476954,-44.24168382,5.51845835,30.45338261,-38.85551382,-40.70816532,-41.86010018,-41.14648937,-43.56830581,-44.53205858,-46.80074547,-56.46209203
15636.27254509,-44.93668927,5.46374703,29.85253162,-39.38426622,-41.48630287,-42.43369868,-42.00841425,-44.45020125,-45.21603395,-47.57242627,-56.94217065
15680.16032064,-44.80480835,4.87951333,23.80965037,-39.69285602,-41.52659157,-42.27312805,-42.17383886,-44.60095811,-45.37841995,-47.57597736,-55.21669685
15724.04809619,-44.67292742,4.31677524,18.63454846,-40.00144581,-41.56688027,-42.11255741,-42.33926348,-44.75171496,-45.54080595,-47.57952844,-53.49122305
15767.93587174,-44.96541189,3.71586823,13.80767674,-40.58670250,-41.99986310,-42.38533861,-42.77337453,-45.48418665,-46.49255054,-48.60134697,-51.39993223
15811.82364729,-45.94637728,3.46879558,12.03254276,-41.62081737,-43.06994409,-43.36118012,-43.64339643,-47.16041948,-48.72493286,-51.27517982,-48.71514807
15855.71142285,-46.92734266,3.93798328,15.50771231,-42.65493223,-44.14002509,-44.33702162,-44.51341833,-48.83665231,-50.95731517,-53.94901266,-46.03036390
15899.59919840,-48.67358045,4.62339125,21.37574663,-43.97953323,-46.07606374,-46.25810503,-46.42976949,-51.51204927,-54.76812308,-55.67002273,-44.69497703
15943.48697395,-50.71742416,5.54737485,30.77336768,-45.41710105,-48.34886371,-48.54678250,-48.75302647,-54.57601006,-59.19276316,-57.02049060,-43.88435576
15987.37474950,-52.69917938,6.59858181,43.54128194,-46.83109014,-50.54416891,-51.00009888,-50.95283207,-57.72764159,-63.26771419,-58.19379172,-43.07609757
16031.26252505,-53.68469649,6.83525353,46.72069076,-47.86674774,-51.49603544,-56.09512151,-51.17180400,-62.28598999,-61.73174558,-56.52437172,-42.30575591
16075.15030060,-54.67021359,7.95315511,63.25267621,-48.90240534,-52.44790198,-61.19014413,-51.39077593,-66.84433839,-60.19577697,-54.85495173,-41.53541426
16119.03807615,-54.93332112,8.60697102,74.07995009,-49.75477514,-52.96796575,-63.47770475,-51.49972754,-68.50604287,-59.11739602,-53.30610894,-40.83684795
16162.92585170,-54.10069332,7.85649804,61.72456139,-50.32913794,-52.83308036,-61.50696730,-51.44180267,-65.77418007,-58.73307424,-51.94015507,-40.24714894
16206.81362725,-53.26806553,7.19733190,51.80158646,-50.90350074,-52.69819498,-59.53622984,-51.38387780,-63.04231727,-58.34875245,-50.57420119,-39.65744993
16250.70140281,-52.46656333,6.83663992,46.73964542,-51.34937262,-53.13737721,-59.16245660,-51.34271632,-60.53946040,-56.47818866,-48.86252912,-38.86040570
16294.58917836,-51.67622575,6.75971399,45.69373321,-51.74915536,-53.78247500,-59.36150747,-51.30756779,-58.11874696,-54.07451633,-47.02684944,-37.98898765
16338.47695391,-50.78939916,6.82677259,46.60482395,-51.96589921,-54.21391285,-59.29843316,-51.18629258,-55.59633248,-51.65600497,-45.24626365,-37.15205439
16382.36472946,-48.70679800,5.86330065,34.37829454,-49.91426817,-51.99749352,-55.98687883,-49.99766173,-51.81355146,-49.05359564,-44.14844854,-36.74248611
16426.25250501,-46.62419684,4.97965024,24.79691653,-47.86263714,-49.78107420,-52.67532450,-48.80903087,-48.03077044,-46.45118632,-43.05063343,-36.33291783
16470.14028056,-44.98905848,4.43649911,19.68252437,-46.46901034,-48.20862941,-50.24154320,-47.61484516,-45.16652291,-44.29123201,-41.92084362,-35.99984122
16514.02805611,-43.98902862,4.27503646,18.27593673,-46.00932503,-47.55021300,-49.05363328,-46.41277515,-43.60600034,-42.75927836,-40.74567038,-35.77533343
16557.91583166,-42.98899875,4.16642079,17.35906217,-45.54963972,-46.89179659,-47.86572336,-45.21070513,-42.04547776,-41.22732471,-39.57049713,-35.55082564
16601.80360721,-41.97644788,3.82079007,14.59843673,-44.63534699,-45.49322932,-46.10164061,-44.24076085,-41.18002746,-40.32383598,-38.66100346,-35.17573840
16645.69138277,-40.95976775,3.40741784,11.61049634,-43.57113054,-43.85056975,-44.14754341,-43.34736868,-40.54380312,-39.62760695,-37.83912753,-34.75099200
16689.57915832,-39.92811071,3.02330444,9.14036973,-42.49011130,-42.23856612,-42.22979873,-42.37284877,-39.84650826,-38.89200955,-37.01745485,-34.33758811
16733.46693387,-38.74624423,2.61288949,6.82719150,-41.24057007,-40.93402359,-40.67664840,-40.58466538,-38.53671204,-37.76157060,-36.19782066,-34.03794311
16777.35470942,-37.56437775,2.22021140,4.92933868,-39.99102883,-39.62948105,-39.12349807,-38.79648199,-37.22691582,-36.63113164,-35.37818646,-33.73829811
16821.24248497,-36.75256011,1.96580394,3.86438512,-39.07220288,-38.69857973,-38.01629251,-37.73896766,-36.31440567,-35.85428277,-34.83411257,-33.49163708
16865.13026052,-36.43260864,1.87321158,3.50892164,-38.59296121,-38.26431953,-37.50183341,-37.65265318,-35.92996521,-35.54742324,-34.65631138,-33.31540195
16909.01803607,-36.11265717,1.78990456,3.20375834,-38.11371954,-37.83005933,-36.98737432,-37.56633871,-35.54552475,-35.24056370,-34.47851019,-33.13916681
16952.90581162,-36.14382794,1.84315646,3.39722574,-38.14963737,-37.89192546,-36.92193646,-37.79047185,-35.56021515,-35.26217152,-34.54826012,-33.02600560
16996.79358717,-36.28106689,1.93832086,3.75708776,-38.34117629,-38.10366308,-36.99214043,-38.10838603,-35.69547634,-35.38300385,-34.69279111,-32.93189797
17040.68136273,-36.42184337,2.01823670,4.07327939,-38.52143095,-38.29056568,-37.05935836,-38.39274362,-35.86582065,-35.54577199,-34.85237748,-32.84667821
17084.56913828,-36.59224666,1.96262992,3.85191619,-38.60717991,-38.26947493,-37.10156822,-38.39606476,-36.32998610,-36.05975251,-35.13805253,-32.83589428
17128.45691383,-36.76264995,1.93062386,3.72730848,-38.69292888,-38.24838419,-37.14377808,-38.39938591,-36.79415155,-36.57373304,-35.42372758,-32.82511035
17172.34468938,-36.57979287,1.80134158,3.24483147,-38.30274177,-37.82211720,-37.01087516,-38.01591877,-36.73907236,-36.58780374,-35.38935630,-32.77045766
17216.23246493,-35.95694684,1.53620858,2.35993680,-37.31977201,-36.89119958,-36.65986770,-37.15070336,-36.03726930,-35.97923227,-34.95636443,-32.66116604
17260.12024048,-35.33410080,1.29019428,1.66460128,-36.33680225,-35.96028195,-36.30886024,-36.28548794,-35.33546624,-35.37066081,-34.52337255,-32.55187442
17304.00801603,-34.23781170,1.16769157,1.36350361,-35.13886486,-34.76471661,-35.24356717,-35.14716986,-34.15448152,-34.20108667,-33.46722949,-31.78537745
17347.89579158,-33.01108421,1.07911526,1.16448975,-33.88170169,-33.49623814,-33.98148112,-33.93360919,-32.84147736,-32.87695059,-32.23940190,-30.83781370
17391.78356713,-31.85177797,0.99634921,0.99271175,-32.70193075,-32.30239381,-32.76808820,-32.78053419,-31.60552264,-31.62927818,-31.07334018,-29.95313581
17435.67134269,-31.17468021,0.91772004,0.84221007,-32.07568250,-31.64234590,-31.90295688,-32.06006314,-30.92063888,-30.92848729,-30.34903861,-29.51822848
17479.55911824,-30.49758245,0.84896576,0.72074286,-31.44943424,-30.98229799,-31.03782556,-31.33959208,-30.23575511,-30.22769641,-29.62473705,-29.08332114
17523.44689379,-29.97670886,0.83501194,0.69724494,-30.95398375,-30.53910349,-30.43042147,-30.82506713,-29.67023130,-29.63971412,-29.05093656,-28.70421309
17567.33466934,-29.63824732,0.87926804,0.77311228,-30.61125666,-30.34911354,-30.12394742,-30.55101104,-29.24407577,-29.18345055,-28.65286564,-28.39025795
17611.22244489,-29.29978578,0.92957492,0.86410953,-30.26852957,-30.15912359,-29.81747337,-30.27695495,-28.81792023,-28.72718698,-28.25479473,-28.07630281
17655.11022044,-29.05327463,0.89190781,0.79549954,-30.02089602,-29.88697528,-29.56121370,-29.95668204,-28.56231040,-28.46270353,-28.02174731,-27.95366877
17698.99799599,-28.82975108,0.83370065,0.69505678,-29.79703586,-29.59428737,-29.31750762,-29.62485494,-28.34933699,-28.24616512,-27.82995576,-27.87886500
17742.88577154,-28.61869130,0.78171991,0.61108602,-29.59069498,-29.31824019,-29.06877943,-29.32474853,-28.14334897,-28.03052913,-27.65211996,-27.82106924
17786.77354709,-28.48505071,0.75753263,0.57385569,-29.49317576,-29.14555752,-28.78885620,-29.22167644,-27.98075090,-27.82049863,-27.56097083,-27.86891936
17830.66132265,-28.35141011,0.74541824,0.55564835,-29.39565654,-28.97287486,-28.50893297,-29.11860436,-27.81815283,-27.61046812,-27.46982171,-27.91676947
17874.54909820,-28.30334870,0.78767530,0.62043238,-29.41371492,-29.00227814,-28.37661538,-29.09254896,-27.71942476,-27.49140146,-27.36604435,-27.96476162
17918.43687375,-28.34899411,0.88258193,0.77895086,-29.55832752,-29.25295990,-28.40592184,-29.15082470,-27.69063255,-27.47193767,-27.24843942,-28.01290931
17962.32464930,-28.39463953,0.98122965,0.96281163,-29.70294012,-29.50364165,-28.43522830,-29.20910043,-27.66184034,-27.45247388,-27.13083449,-28.06105700
18006.21242485,-28.56956641,0.94964223,0.90182036,-29.73810135,-29.67593581,-28.55411202,-29.41436006,-27.81323486,-27.60559181,-27.35301484,-28.40218050
18050.10020040,-28.77364499,0.89838695,0.80709912,-29.74858237,-29.83055433,-28.69319453,-29.65276311,-28.00525971,-27.79762523,-27.65181344,-28.80936718
18093.98797595,-28.95543660,0.82808723,0.68572846,-29.73077954,-29.90530400,-28.77789994,-29.80138740,-28.19325695,-28.00550817,-27.96891208,-29.26044468
18137.87575150,-29.01541835,0.67483943,0.45540826,-29.55839088,-29.54352906,-28.56540634,-29.45932428,-28.35924120,-28.30001694,-28.38602989,-29.95140819
18181.76352705,-29.07540010,0.72653570,0.52785413,-29.38600222,-29.18175411,-28.35291274,-29.11726115,-28.52522546,-28.59452571,-28.80314770,-30.64237170
18225.65130261,-28.91351225,0.89819700,0.80675785,-29.14544364,-28.79358371,-28.09867503,-28.57213423,-28.36047860,-28.52421847,-28.81864955,-30.99491477
18269.53907816,-28.52375833,1.06382303,1.13171943,-28.83487270,-28.37830446,-27.80156499,-27.81845531,-27.85606194,-28.07923535,-28.42168097,-30.99989091
18313.42685371,-28.13400441,1.24423138,1.54811172,-28.52430177,-27.96302520,-27.50445495,-27.06477639,-27.35164528,-27.63425223,-28.02471239,-31.00486704
18357.31462926,-27.96484085,1.40863642,1.98425656,-28.07866214,-27.57875580,-27.21857027,-26.75568473,-27.15629180,-27.52371262,-28.15200742,-31.25504201
18401.20240481,-27.84021957,1.59796825,2.55350254,-27.60574902,-27.20074799,-26.93495225,-26.53636551,-27.02334531,-27.48070486,-28.38516337,-31.55472828
18445.09018036,-27.74316928,1.80797444,3.26877157,-27.18108030,-26.85407305,-26.68297072,-26.34637228,-26.91682412,-27.46026086,-28.61639037,-31.88738252
18488.97795591,-27.78009670,2.01931112,4.07761738,-26.99084913,-26.65965622,-26.58472279,-26.29888511,-26.93871339,-27.54946259,-28.83824389,-32.38024051
18532.86573146,-27.81702413,2.23467285,4.99376276,-26.80061795,-26.46523940,-26.48647487,-26.25139793,-26.96060267,-27.63866432,-29.06009740,-32.87309850
18576.75350701,-27.92628802,2.48540330,6.17722958,-26.66515370,-26.31906479,-26.42225949,-26.25044741,-27.06783012,-27.79202232,-29.39079995,-33.50272638
18620.64128257,-28.10523730,2.77016394,7.67380823,-26.58244919,-26.21936437,-26.39082938,-26.29432800,-27.25726818,-28.00718533,-29.82636231,-34.26411164
18664.52905812,-28.28418658,3.05714474,9.34613397,-26.49974468,-26.11966395,-26.35939927,-26.33820860,-27.44670623,-28.22234834,-30.26192467,-35.02549691
18708.41683367,-28.51441985,3.46672194,12.01816098,-26.49793090,-25.96815645,-26.19338777,-26.05904083,-27.78039281,-28.71650700,-30.91399140,-35.98595164
18752.30460922,-28.75384553,3.90856088,15.27684813,-26.51061639,-25.80736277,-26.00325320,-25.72196817,-28.13993526,-29.26067432,-31.60486551,-36.98208864
18796.19238477,-28.98527939,4.32629768,18.71685158,-26.49424593,-25.69345862,-25.88451323,-25.45321542,-28.43739876,-29.71467923,-32.25483608,-37.94988782
18840.08016032,-29.18189169,4.60927101,21.24537923,-26.35127446,-25.78385880,-26.07684975,-25.48214233,-28.46437541,-29.77583363,-32.72658406,-38.79421512
18883.96793587,-29.37850400,4.89623086,23.97307668,-26.20830299,-25.87425899,-26.26918628,-25.51106923,-28.49135205,-29.83698803,-33.19833204,-39.63854242
18927.85571142,-29.65958446,5.11980804,26.21243441,-26.18199205,-25.93600659,-26.46200495,-25.83040438,-28.80565894,-30.04815785,-33.55551690,-40.45693401
18971.74348697,-30.01698639,5.29040722,27.98840860,-26.26109012,-25.97186505,-26.65525927,-26.41213886,-29.37958403,-30.39487459,-33.80918788,-41.25189130
19015.63126253,-30.37438832,5.46894254,29.90933252,-26.34018818,-26.00772351,-26.84851358,-26.99387334,-29.95350912,-30.74159134,-34.06285886,-42.04684860
19059.51903808,-30.21987065,4.86511178,23.66931259,-26.41255133,-26.18268150,-26.94972047,-27.06311317,-30.23839600,-30.88313999,-33.73959073,-40.28977198
19103.40681363,-29.98477304,4.16326682,17.33279060,-26.48385435,-26.37953480,-27.03643840,-27.05168255,-30.47778612,-30.99239367,-33.32550812,-38.13098631
19147.29458918,-29.81188868,3.63983918,13.24842928,-26.57535863,-26.56872755,-27.13159258,-27.02904463,-30.60794760,-31.05100934,-33.09723263,-36.43419653
19191.18236473,-29.88376435,3.67953296,13.53896279,-26.74633891,-26.72778213,-27.25993669,-26.96231485,-30.30838053,-30.91040445,-33.59996149,-36.55499576
19235.07014028,-29.95564002,3.73455695,13.94691565,-26.91731919,-26.88683672,-27.38828079,-26.89558507,-30.00881347,-30.76979956,-34.10269035,-36.67579500
19278.95791583,-30.08872306,3.59674935,12.93660585,-27.18425567,-27.18537857,-27.82235468,-26.96023071,-29.99643664,-30.82466758,-34.25681537,-36.47964524
19322.84569138,-30.27366654,3.29298283,10.84373591,-27.53249495,-27.60210669,-28.51547055,-27.13618953,-30.22739341,-31.04515798,-34.11557160,-36.01494756
19366.73346693,-30.45861001,2.99993109,8.99958657,-27.88073422,-28.01883481,-29.20858642,-27.31214835,-30.45835018,-31.26564838,-33.97432784,-35.55024988
19410.62124248,-29.92256508,2.86753300,8.22274552,-27.38654837,-27.47729349,-28.65219120,-26.86236794,-30.19893165,-30.93639186,-33.26554972,-34.60124640
19454.50901804,-29.28820354,2.76817182,7.66277521,-26.77748637,-26.80507906,-27.92540809,-26.32725945,-29.87264376,-30.53216985,-32.47938054,-33.58620122
19498.39679359,-28.64202421,2.67574106,7.15959021,-26.15539359,-26.15096628,-27.22896857,-25.82017829,-29.43343276,-30.02605912,-31.67774505,-32.64344998
19542.28456914,-27.95361784,2.56625685,6.58567423,-25.48673967,-25.56153374,-26.64095180,-25.41324354,-28.59072821,-29.15588260,-30.82084578,-31.95901737
19586.17234469,-27.26521147,2.46262915,6.06454233,-24.81808575,-24.97210120,-26.05293504,-25.00630878,-27.74802366,-28.28570608,-29.96394651,-31.27458475
19630.06012024,-26.68872182,2.40482514,5.78318397,-24.25275836,-24.48692379,-25.55616630,-24.62064125,-27.04138180,-27.54067334,-29.20340952,-30.80782019
19673.94789579,-26.20112295,2.38598119,5.69290626,-23.76949893,-24.08455189,-25.13187206,-24.25186538,-26.44280886,-26.89503709,-28.51940907,-30.51394029
19717.83567134,-25.71352408,2.37534963,5.64228584,-23.28623951,-23.68217999,-24.70757783,-23.88308951,-25.84423592,-26.24940083,-27.83540862,-30.22006040
19761.72344689,-25.24897288,2.17596045,4.73480389,-22.95297974,-23.34678247,-24.40821191,-23.59058588,-25.42725558,-25.79949248,-27.08213789,-29.38433713
19805.61122244,-24.78709687,1.95717288,3.83052569,-22.63713065,-23.01915876,-24.12334660,-23.30693529,-25.03135294,-25.37230254,-26.32082686,-28.48572132
19849.49899800,-24.34368345,1.77713868,3.15822188,-22.30846729,-22.70063112,-23.84008050,-23.01358792,-24.64134910,-24.94071466,-25.61829368,-27.68634331
19893.38677355,-23.96048324,1.71238622,2.93226657,-21.93801191,-22.41176904,-23.56202999,-22.68861587,-24.27058338,-24.49478344,-25.10745646,-27.21061586
19937.27454910,-23.57728304,1.64963553,2.72129737,-21.56755653,-22.12290696,-23.28397947,-22.36364382,-23.89981765,-24.04885223,-24.59661923,-26.73488841
19981.16232465,-23.34480577,1.52149468,2.31494607,-21.44547942,-22.01588813,-23.08900411,-22.30470136,-23.62489590,-23.73237618,-24.26831398,-26.27778709
20025.05010020,-23.22449440,1.34584491,1.81129852,-21.50824195,-22.04419450,-22.95585210,-22.44373443,-23.42129988,-23.51223885,-24.07584646,-25.83454706
20068.93787575,-23.10418304,1.17427146,1.37891346,-21.57100448,-22.07250087,-22.82270010,-22.58276749,-23.21770387,-23.29210153,-23.88337895,-25.39130704
20112.82565130,-22.94786595,1.00654872,1.01314033,-21.58051207,-22.05553903,-22.83442252,-22.63031784,-22.93475240,-23.03850535,-23.58746190,-24.92141647
20156.71342685,-22.78807462,0.85005522,0.72259388,-21.58488102,-22.03420920,-22.86012404,-22.66904092,-22.64414383,-22.78168070,-23.28156289,-24.44895436
20200.60120240,-22.70194717,0.76820322,0.59013619,-21.58347656,-22.02300891,-22.88159529,-22.71106791,-22.47473799,-22.64831817,-23.12366664,-24.16970588
20244.48897796,-22.83602769,0.86817823,0.75373345,-21.56481324,-22.04208945,-22.89042074,-22.76297149,-22.66765093,-22.88402862,-23.40820417,-24.46804284
20288.37675351,-22.97010820,0.97586041,0.95230354,-21.54614991,-22.06116999,-22.89924619,-22.81487507,-22.86056388,-23.11973907,-23.69274169,-24.76637980
20332.26452906,-23.12901329,1.13031643,1.27761523,-21.59335434,-22.10137396,-22.81784686,-22.89872090,-23.01252666,-23.32978816,-24.02132351,-25.25717194
20376.15230461,-23.30521695,1.32567281,1.75740840,-21.68645754,-22.15629741,-22.67357598,-23.00482512,-23.13595404,-23.52195556,-24.38059681,-25.88207312
20420.04008016,-23.48142060,1.53038950,2.34209202,-21.77956075,-22.21122087,-22.52930509,-23.11092933,-23.25938142,-23.71412296,-24.73987011,-26.50697429
20463.92785571,-24.11946027,1.72685875,2.98204115,-22.19701548,-22.63555349,-23.00445482,-23.50185765,-23.96279748,-24.48739009,-25.85844392,-27.30816924
20507.81563126,-24.79333204,1.93847538,3.75768678,-22.63963540,-23.08854716,-23.52766304,-23.91488439,-24.71121266,-25.30574254,-27.03592897,-28.12304214
20551.70340681,-25.56743234,2.11850640,4.48806936,-23.22266487,-23.67622481,-24.13175572,-24.50895636,-25.57223139,-26.23166805,-28.17923612,-29.01672143
20595.59118236,-26.61716112,2.18609434,4.77900848,-24.19182055,-24.63428341,-24.95828064,-25.60090275,-26.74290984,-27.45341947,-29.22855401,-30.12711828
20639.47895792,-27.66688989,2.25890085,5.10263306,-25.16097623,-25.59234200,-25.78480556,-26.69284913,-27.91358829,-28.67517088,-30.27787191,-31.23751513
20683.36673347,-28.87519632,2.34901351,5.51786447,-26.27468384,-26.67958680,-26.82050965,-27.93072083,-29.25328297,-29.97945085,-31.46644153,-32.59689410
20727.25450902,-30.18689258,2.45045738,6.00474139,-27.48263675,-27.85105873,-27.99259487,-29.26373325,-30.70317324,-31.33753797,-32.74580083,-34.11860503
20771.14228457,-31.49858885,2.55440442,6.52498194,-28.69058967,-29.02253065,-29.16468008,-30.59674567,-32.15306352,-32.69562509,-34.02516012,-35.64031596
20815.03006012,-33.23667935,2.90022098,8.41128171,-30.15345124,-30.49369893,-30.53183282,-32.05539798,-33.93402319,-34.53750955,-36.31770776,-37.86981335
20858.91783567,-35.00006444,3.26472823,10.65845043,-31.63143450,-31.98264581,-31.91055737,-33.52150351,-35.73462258,-36.40809385,-38.67035979,-40.14129808
20902.80561122,-36.38806196,3.28320270,10.77941998,-33.05044629,-33.38285450,-33.27489093,-34.80948438,-37.13446026,-37.78773962,-40.09665972,-41.56795996
20946.69338677,-36.82342502,2.42435709,5.87750728,-34.31980405,-34.55786913,-34.60270398,-35.64543194,-37.51727063,-37.92151310,-39.17212269,-40.85068463
20990.58116232,-37.25878808,1.59335846,2.53879118,-35.58916180,-35.73288377,-35.93051703,-36.48137949,-37.90008100,-38.05528657,-38.24758566,-40.13340930
21034.46893788,-37.85173978,1.43764218,2.06681503,-36.43464317,-36.48292202,-36.86404549,-37.32817213,-38.32639012,-38.30800191,-38.26269189,-40.80705153
21078.35671343,-38.54073263,1.70569279,2.90938789,-37.02179642,-36.97396180,-37.55728033,-38.18157424,-38.77920921,-38.63320541,-38.85045623,-42.32837741
21122.24448898,-39.22972548,2.00710267,4.02846114,-37.60894968,-37.46500157,-38.25051517,-39.03497635,-39.23202830,-38.95840891,-39.43822058,-43.84970330
21166.13226453,-39.30666189,2.06171043,4.25064990,-37.74733387,-37.61417267,-38.21254651,-39.08929618,-39.07206764,-38.91431010,-39.71822085,-44.08534730
21210.02004008,-39.35809595,2.11518081,4.47398985,-37.86701934,-37.74909924,-38.14411105,-39.11032093,-38.88657449,-38.85482368,-39.98539761,-44.26742121
21253.90781563,-39.54549016,2.17585887,4.73436181,-38.09378674,-37.97962482,-38.21282867,-39.24000945,-38.91485972,-38.98958308,-40.35247283,-44.58075600
21297.79559118,-40.05214798,2.23660347,5.00239509,-38.57200543,-38.43463735,-38.60361114,-39.62486384,-39.44514240,-39.58047326,-40.95413100,-45.20231944
21341.68336673,-40.55880580,2.29957263,5.28803430,-39.05022412,-38.88964988,-38.99439361,-40.00971822,-39.97542507,-40.17136344,-41.55578917,-45.82388289
21385.57114228,-41.38903338,2.41743936,5.84401307,-39.79061522,-39.63160394,-39.76833527,-40.67685367,-40.81117130,-41.02548937,-42.50349473,-46.90470355
21429.45891784,-42.40338434,2.56725940,6.59082084,-40.68019229,-40.53683852,-40.76030892,-41.50461769,-41.82073781,-42.02940635,-43.64811428,-48.24685885
21473.34669339,-43.41773530,2.71866815,7.39115653,-41.56976936,-41.44207310,-41.75228258,-42.33238170,-42.83030432,-43.03332333,-44.79273383,-49.58901415
21517.23446894,-44.85995801,2.92686623,8.56654595,-42.92464318,-42.68820200,-43.09422677,-43.51473679,-44.27029452,-44.49772859,-46.42264054,-51.46719171
21561.12224449,-46.31270217,3.13855269,9.85051300,-44.29095873,-43.94271355,-44.44477679,-44.70581133,-45.72086891,-45.97345733,-48.06448054,-53.35855016
21605.01002004,-47.86935651,3.54452499,12.56365738,-45.63840645,-45.21735210,-45.89141350,-45.94952415,-47.15314823,-47.40369381,-49.85225582,-55.84905798
21648.89779559,-49.65232371,4.37846232,19.17093226,-46.94476069,-46.53582660,-47.54732378,-47.30788133,-48.54558152,-48.73484970,-51.95787316,-59.64449285
21692.78557114,-51.43529091,5.22012192,27.24967283,-48.25111494,-47.85430109,-49.20323407,-48.66623852,-49.93801482,-50.06600559,-54.06349051,-63.43992772
21736.67334669,-52.05338620,5.51305502,30.39377569,-48.70398441,-48.31137224,-49.77728296,-49.13713568,-50.42072502,-50.52747296,-54.79343786,-64.75567848
21780.56112224,-52.05338620,5.51305502,30.39377569,-48.70398441,-48.31137224,-49.77728296,-49.13713568,-50.42072502,-50.52747296,-54.79343786,-64.75567848
21824.44889780,-52.05338620,5.51305502,30.39377569,-48.70398441,-48.31137224,-49.77728296,-49.13713568,-50.42072502,-50.52747296,-54.79343786,-64.75567848
21868.33667335,-52.05338620,5.51305502,30.39377569,-48.70398441,-48.31137224,-49.77728296,-49.13713568,-50.42072502,-50.52747296,-54.79343786,-64.75567848
21912.22444890,-52.05338620,5.51305502,30.39377569,-48.70398441,-48.31137224,-49.77728296,-49.13713568,-50.42072502,-50.52747296,-54.79343786,-64.75567848
21956.11222445,-52.05338620,5.51305502,30.39377569,-48.70398441,-48.31137224,-49.77728296,-49.13713568,-50.42072502,-50.52747296,-54.79343786,-64.75567848
22000.00000000,-52.05338620,5.51305502,30.39377569,-48.70398441,-48.31137224,-49.77728296,-49.13713568,-50.42072502,-50.52747296,-54.79343786,-64.75567848
